dataset,split,samples,accuracy,f1_macro,f1_weighted,precision_macro,recall_macro,inference_time,avg_confidence
emotion,test,2000,0.839,0.5238637062706185,0.8062240261497484,0.49937292938268457,0.5538014195317194,72.80153107643127,0.9520677089691162
cardiffnlp/tweet_eval,test,1421,0.458128078817734,0.2244214068737097,0.5497355083685215,0.28608847624432865,0.18569537053723395,53.83961582183838,0.8475648677953107
dair-ai/emotion,test,2000,0.839,0.5238637062706185,0.8062240261497484,0.49937292938268457,0.5538014195317194,67.54796290397644,0.9520677089691162
