model,samples,total_time,avg_time,BLEU-1,BLEU-2,BLEU-3,BLEU-4,ROUGE-1,ROUGE-2,ROUGE-L,METEOR,BERTScore-P,BERTScore-R,BERTScore-F1
meta-llama/llama-4-scout-17b-16e-instruct,100,183.21914076805115,1.8321914076805115,0.7948563517166065,0.738047020238765,0.6932068644604422,0.6510975941898357,0.8579527487061219,0.7533278856003814,0.8488709157666413,0.8121536581196029,0.9791297912597656,0.9763736128807068,0.9775718450546265
moonshotai/kimi-k2-instruct-0905,100,89.41851782798767,0.8941851782798768,0.7443291765697226,0.6729339584436689,0.6123557356398462,0.5543981699787317,0.8261767418326623,0.6848569101655465,0.8118447770807644,0.7562498415251463,0.9763944745063782,0.9714741706848145,0.9737992882728577
openai/gpt-oss-120b,100,215.77216410636902,2.15772164106369,0.6814347056567427,0.6080403693263388,0.553608053678223,0.5013362688892071,0.7766734005727209,0.652522977318367,0.7662241009338954,0.6872291433726148,0.8952323198318481,0.9021672010421753,0.8984151482582092
