model,samples,total_time,avg_time,BLEU-1,BLEU-2,BLEU-3,BLEU-4,ROUGE-1,ROUGE-2,ROUGE-L,METEOR
meta-llama/llama-4-scout-17b-16e-instruct,100,182.71270298957825,1.8271270298957825,0.7987146650023743,0.7412881856785853,0.6964937476169922,0.6543463874774992,0.8590526464942637,0.7534720567834512,0.8499712755321976,0.814168041294852
moonshotai/kimi-k2-instruct-0905,100,89.36216139793396,0.8936216139793396,0.7447182847411807,0.6740955910104391,0.6135851467462983,0.5550733418973989,0.8290406272808016,0.6879592416323014,0.8147378956103993,0.7571821950976938
openai/gpt-oss-120b,100,205.87066078186035,2.0587066078186034,0.6982914090574864,0.6248769424439018,0.5729302894345784,0.5254372946523319,0.7894338164262225,0.6613166096484044,0.7747725833575838,0.7080048103453339
