model,samples,total_time,avg_time,BLEU-1,BLEU-2,BLEU-3,BLEU-4,ROUGE-1,ROUGE-2,ROUGE-L,METEOR,BERTScore-P,BERTScore-R,BERTScore-F1
meta-llama/llama-4-scout-17b-16e-instruct,5,2.3063416481018066,0.46126832962036135,0.9270196372572045,0.899008594827983,0.873902905494756,0.8469412434303255,0.9432901093312992,0.8849208615485029,0.94232392575642,0.9243771463495983,0.9944278001785278,0.9936758279800415,0.9940508008003235
openai/gpt-oss-120b,5,2.7798938751220703,0.5559787750244141,0.8496661137299923,0.783498610716246,0.7431278324615231,0.7049600172381411,0.9275097347889497,0.8548257989327117,0.9275097347889497,0.8096194225874328,0.9793502688407898,0.9883428812026978,0.983737587928772
moonshotai/kimi-k2-instruct-0905,5,3.0344347953796387,0.6068869590759277,0.8672150033737218,0.7920452513228222,0.7225914794275966,0.6654062595125864,0.8890465802632435,0.738098452681965,0.888078057260822,0.8282690142429321,0.9866276979446411,0.9851714968681335,0.9858977198600769
